PuzzleId,FEN,Moves,Rating,RatingDeviation,Popularity,NbPlays,Themes,GameUrl,OpeningTags
8,r6k/pp2r2p/4Rp1Q/3p4/8/1N1P2R1/PqP2bPP/7K b - - 0 24,f2g3 e6e7 b2b1 b3c1 b1c1 h6c1,1935,76,95,9294,crushing hangingPiece long middlegame,https://lichess.org/787zsVup/black#48,
0000D,5rk1/1p3ppp/pq3b2/8/8/1P1Q1N2/P4PPP/3R2K1 w - - 2 27,d3d6 f8d8 d6d8 f6d8,1414,75,96,36011,advantage endgame short,https://lichess.org/F8M8OS71#53,
0008Q,8/4R3/1p2P3/p4r2/P6p/1P3Pk1/4K3/8 w - - 1 64,e7f7 f5e5 e2f1 e5e6,1385,80,92,763,advantage endgame rookEndgame short,https://lichess.org/MQSyb3KW#127,
0009B,r2qr1k1/b1p2ppp/pp4n1/P1P1p3/4P1n1/B2P2Pb/3NBP1P/RN1QR1K1 b - - 1 16,b6c5 e2g4 h3g4 d1g4,1084,74,88,605,advantage middlegame short,https://lichess.org/4MWQCxQ6/black#32,Kings_Pawn_Game Kings_Pawn_Game_Leonardis_Variation
000Pw,6k1/5p1p/4p3/4q3/3nN3/2Q3P1/PP3P1P/6K1 w - - 2 37,e4d2 d4e2 g1f1 e2c3,1550,75,92,625,crushing endgame fork short,https://lichess.org/au2lCK5o#73,
000Sa,2Q2bk1/5p1p/p5p1/2p3P1/2r1B3/7P/qPQ2P2/2K4R b - - 0 32,c4c2 e4c2 a2a1 c2b1,1582,75,97,1202,advantage endgame short,https://lichess.org/lTTa9lwd/black#64,
000VW,r4r2/1p3pkp/p5p1/3R1N1Q/3P4/8/P1q2P2/3R2K1 b - - 3 25,g6f5 d5c5 c2e4 h5g5 g7h8 g5f6,2861,108,85,314,crushing endgame long,https://lichess.org/e9AY2m5j/black#50,
000Vc,8/8/4k1p1/2KpP2p/5PP1/8/8/8 w - - 0 53,g4h5 g6h5 f4f5 e6e5 f5f6 e5f6,1574,78,75,113,crushing endgame long pawnEndgame,https://lichess.org/l6AejDMO#105,
000Zo,4r3/1k6/pp3r2/1b2P2p/3R1p2/P1R2P2/1P4PP/6K1 w - - 0 35,e5f6 e8e1 g1f2 e1f1,1376,75,86,651,endgame mate mateIn2 operaMate short,https://lichess.org/n8Ff742v#69,
000aY,r4rk1/pp3ppp/2n1b3/q1pp2B1/8/P1Q2NP1/1PP1PP1P/2KR3R w - - 0 15,g5e7 a5c3 b2c3 c6e7,1414,78,75,527,advantage master middlegame short,https://lichess.org/iihZGl6t#29,Benoni_Defense Benoni_Defense_Benoni-Indian_Defense
000h0,5rk1/p5p1/3bpr1p/1Pp4q/3pR3/1P1Q1N2/P4PPP/4R1K1 w - - 4 22,e4e6 f6f3 g2f3 h5h2 g1f1 h2h3 f1e2 h3e6,2071,76,89,191,advantage interference kingsideAttack middlegame veryLong,https://lichess.org/OWe6M5dF#43,
000hf,r1bqk2r/pp1nbNp1/2p1p2p/8/2BP4/1PN3P1/P3QP1P/3R1RK1 b kq - 0 19,e8f7 e2e6 f7f8 e6f7,1575,78,92,729,mate mateIn2 middlegame short,https://lichess.org/71ygsFeE/black#38,Horwitz_Defense Horwitz_Defense_Other_variations
000jr,5k2/1p4pp/p5n1/5Q2/3BpP2/1P2PP1K/P1q4P/7r b - - 1 33,f8g8 f5d5 g8f8 d4c5 c2c5 d5c5,2152,77,69,91,crushing endgame long,https://lichess.org/JgxFj109/black#66,
000lC,3r3r/pQNk1ppp/1qnb1n2/1B6/8/8/PPP3PP/3R1R1K w - - 5 19,d1d6 d7d6 b7b6 a7b6,1437,77,94,4581,advantage hangingPiece middlegame short,https://lichess.org/vaqz2bx6#37,
000mr,5r1k/5rp1/p7/1b2B2p/1P1P1Pq1/2R1Q3/P3p1P1/2R3K1 w - - 0 41,e3g3 f7f4 e5f4 f8f4,1957,84,62,106,crushing middlegame short,https://lichess.org/8sVpuwso#81,
000o3,8/2p1k3/6p1/1p1P1p2/1P3P2/3K2Pp/7P/8 b - - 1 43,e7d6 d3d4 g6g5 f4g5,944,78,87,189,crushing endgame pawnEndgame short zugzwang,https://lichess.org/BAY91mF3/black#86,
000qP,8/7R/8/5p2/4bk1P/8/2r2K2/6R1 w - - 7 51,f2f1 f4f3 f1e1 c2c1 e1d2 c1g1,2054,75,93,1215,crushing endgame exposedKing long skewer,https://lichess.org/r4xUR6fC#101,
000rO,3R4/8/K7/pB2b3/1p6/1P2k3/3p4/8 w - - 4 58,a6a5 e5c7 a5b4 c7d8,1110,82,85,72,crushing endgame fork master short,https://lichess.org/tzeeBEc2#115,
000rZ,2kr1b1r/p1p2pp1/2pqb3/7p/3N2n1/2NPB3/PPP2PPP/R2Q1RK1 w - - 2 13,d4e6 d6h2,716,95,100,504,kingsideAttack mate mateIn1 oneMove opening,https://lichess.org/seIMDWkD#25,Scandinavian_Defense Scandinavian_Defense_Modern_Variation
143,r2q1rk1/5ppp/1np5/p1b5/2p1B3/P7/1P3PPP/R1BQ1RK1 b - - 1 17,d8f6 d1h5 h7h6 h5c5,1823,79,91,2908,advantage middlegame short,https://lichess.org/jcuxlI63/black#34,Scotch_Game Scotch_Game_Mieses_Variation
0017R,r2qk2r/pp2ppbp/1n1p2p1/3Pn3/2P5/2NBBP1P/PP3P2/R2QK2R b KQkq - 0 12,e5c4 d3c4 b6c4 d1a4 d8d7 a4c4,1506,76,96,4895,advantage fork long middlegame,https://lichess.org/ol84k0z4/black#24,Alekhine_Defense Alekhine_Defense_Other_variations
0018P,5R2/1p6/p1p5/2P1rk2/2K3p1/2P1p1P1/1P5P/8 b - - 1 44,f5e6 f8e8 e6f5 e8e5 f5e5 c4d3 e5d5 d3e3 a6a5 e3f4 d5c4 f4g4,1845,74,91,229,crushing endgame exposedKing rookEndgame veryLong,https://lichess.org/Xg1Gtfjr/black#88,
0018S,2kr3r/pp3p2/4p2p/1N1p2p1/3Q4/1P1P4/2q2PPP/5RK1 b - - 1 20,b7b6 d4a1 a7a5 f1c1,2627,117,90,1831,advantage endgame pin short,https://lichess.org/H1ARO2GL/black#40,
001Fg,2R2r1k/pQ4pp/5rp1/3B4/q2n4/7P/P4PP1/5RK1 w - - 3 30,c8c7 d4e2 g1h2 a4f4 h2h1 e2g3 f2g3 f4f1,1562,75,97,2153,advantage middlegame veryLong,https://lichess.org/y0QalMAw#59,
001Hi,6k1/pp1r1pp1/1qp1p2p/4P2P/5Q2/1P4R1/P1Pr1PP1/R5K1 b - - 4 23,b6d4 f4f6 d4f2 f6f2 d2f2 g1f2,2391,115,66,31,advantage endgame long pin,https://lichess.org/tUkE0z1z/black#46,
001KR,6Qk/p1p3pp/4N3/1p6/2q1r1n1/2B5/PP4PP/3R1R1K b - - 0 28,h8g8 f1f8,585,84,100,148,mate mateIn1 middlegame oneMove,https://lichess.org/TaT1Zl7z/black#56,
001Oo,6k1/4p1bp/6p1/1p1pP3/1PpPp3/2P1P3/Q2B1KPP/3q4 b - - 2 23,d1a4 a2a4 b5a4 b4b5 g8f7 b5b6,2078,78,84,61,crushing endgame long quietMove,https://lichess.org/8IKs77O9/black#46,
001Wz,4r1k1/5ppp/r1p5/p1n1RP2/8/2P2N1P/2P3P1/3R2K1 b - - 0 21,e8e5 d1d8 e5e8 d8e8,1118,82,89,84,backRankMate endgame mate mateIn2 short,https://lichess.org/84RH3LaP/black#42,
001XA,1qr2rk1/pb2bppp/8/8/2p1N3/P1Bn2P1/2Q2PBP/1R3RK1 b - - 3 23,b8c7 b1b7 c7b7 e4f6 e7f6 g2b7,1687,75,91,1350,crushing discoveredAttack long master middlegame sacrifice,https://lichess.org/KZRiN695/black#46,
001aK,6k1/5p2/4p3/P1B5/2P4P/4Pnp1/Rb1rN3/5K2 b - - 1 33,d2e2 f1e2 g3g2 e3e4 f3d4 e2f2,2060,79,93,348,crushing endgame hangingPiece long quietMove,https://lichess.org/Epr0AiEh/black#66,
001cr,8/3B2pp/p5k1/2p3P1/1p1p1K2/8/1P6/8 b - - 0 38,c5c4 d7e8,1709,81,93,2665,bishopEndgame endgame mate mateIn1 oneMove,https://lichess.org/7FFNwibw/black#76,
001gi,r6r/1pNk1ppp/2np4/b3p3/4P1b1/N1Q5/P4PPP/R3KB1R w KQ - 3 18,c7a8 a5c3,819,119,69,266,bodenMate hangingPiece mate mateIn1 middlegame oneMove,https://lichess.org/1sV2Hr22#35,Sicilian_Defense Sicilian_Defense_Other_variations
001h8,2r3k1/2r4p/4p1p1/1p1q1pP1/p1bP1P1Q/P6R/5B2/2R3K1 b - - 5 34,c4e2 h4h7 c7h7 c1c8 g8g7 c8c7,1780,76,88,620,crushing deflection kingsideAttack long middlegame sacrifice,https://lichess.org/IxCahP6X/black#68,
001kG,rnbq3r/1p2bkpp/p4n2/8/2pNP3/2N5/PPP3PP/R1BQ1RK1 b - - 1 11,e7c5 d1h5 f7g8 h5c5,1857,76,93,993,advantage opening pin short,https://lichess.org/xXAEaVto/black#22,Sicilian_Defense Sicilian_Defense_Najdorf_Variation
001m3,7r/6k1/2b1pp2/8/P1N3p1/5nP1/4RP2/Q4K2 w - - 2 38,e2e6 h8h1 f1e2 h1a1,1459,76,87,278,advantage endgame short skewer,https://lichess.org/LELOz22f#75,
001om,5r1k/pp4pp/5p2/1BbQp1r1/6K1/7P/1PP3P1/3R3R w - - 2 26,g4h4 c5f2 g2g3 f2g3,1018,80,89,226,mate mateIn2 middlegame morphysMate short,https://lichess.org/VWOIWtIh#51,
001pC,r4rk1/pp3ppp/3b4/2p1pPB1/7N/2PP3n/PP4PP/R2Q1RqK w - - 5 18,f1g1 h3f2,870,76,91,433,mate mateIn1 middlegame oneMove smotheredMate,https://lichess.org/d04UP3XD#35,Sicilian_Defense Sicilian_Defense_McDonnell_Attack
001u3,2r3k1/p1q2pp1/Q3p2p/b1Np4/2nP1P2/4P1P1/5K1P/2B1N3 b - - 3 33,c7b6 a6c8 g8h7 c8b7,2190,80,55,82,advantage hangingPiece middlegame short,https://lichess.org/BBn6ipaK/black#66,
001uD,6k1/1p3pp1/1p5p/2r1p3/2n5/r3PN2/2RnNPPP/2R3K1 b - - 1 32,f7f6 f3d2 c4d2 c2d2 c5c1 e2c1,1908,76,92,972,advantage long middlegame,https://lichess.org/2qkVLUl6/black#64,
001w5,1rb2rk1/q5P1/4p2p/3p3p/3P1P2/2P5/2QK3P/3R2R1 b - - 0 29,f8f7 c2h7 g8h7 g7g8q,1039,80,85,215,advancedPawn attraction mate mateIn2 middlegame promotion short,https://lichess.org/0e1vxAEn/black#58,
001wR,6nr/pp3p1p/k1p5/8/1QN5/2P1P3/4KPqP/8 b - - 5 26,b7b5 b4a5 a6b7 c4d6 b7b8 a5d8,1179,84,93,2625,endgame long mate mateIn3,https://lichess.org/ruvbd9JW/black#52,
001wb,r3k2r/pb1p1ppp/1b4q1/1Q2P3/8/2NP1Pn1/PP4PP/R1B2R1K w kq - 1 17,h2g3 g6h5,1158,77,95,253,mate mateIn1 middlegame oneMove,https://lichess.org/hNzYRMWP#33,Ruy_Lopez Ruy_Lopez_Bird_Variation
001wr,r4rk1/p3ppbp/Pp1q1np1/3PpbB1/2B5/2N5/1PPQ1PPP/3RR1K1 w - - 4 18,f2f3 d6c5 g1h1 c5c4,959,80,97,2375,advantage fork master masterVsMaster middlegame short,https://lichess.org/KnJ2mojX#35,Pirc_Defense Pirc_Defense_Classical_Variation
001xO,k1r1b3/p1r1nppp/1p1qpn2/2Np4/1P1P4/PQRBPN2/5PPP/2R3K1 w - - 0 19,d3a6 b6c5 a6c8 c5c4,1892,75,91,1376,crushing master masterVsMaster middlegame sacrifice short,https://lichess.org/fNCePFgY#37,Slav_Defense Slav_Defense_Other_variations
001xl,8/4R1k1/p5pp/3B4/5q2/8/5P1P/6K1 b - - 5 40,g7f6 e7f7 f6e5 f7f4,1088,80,94,11740,advantage endgame master masterVsMaster short skewer superGM,https://lichess.org/bEQkfPQD/black#80,
002CP,r5k1/pp4pp/4p1q1/4p3/3n4/P5P1/1PP2Q1P/2KR1R2 w - - 4 24,f2e3 g6c2,925,84,69,90,endgame mate mateIn1 oneMove queensideAttack,https://lichess.org/pHZnIFdb#47,
002Ds,8/1pp5/p2p4/P2Pk2p/1PP1p2P/2n1K2P/3N4/8 b - - 0 45,b7b6 b4b5 c3d1 e3e2 a6b5 a5a6,1992,76,90,114,crushing endgame knightEndgame long,https://lichess.org/2SrvOtZN/black#90,
002GQ,5rk1/5ppp/4p3/4N3/8/1Pn5/5PPP/5RK1 w - - 0 28,f1c1 c3e2 g1f1 e2c1,654,81,73,134,crushing endgame fork short,https://lichess.org/2K7g2pDT#55,
002HE,1qr2rk1/1p1p1ppp/pB2p1n1/7n/2P1P3/1Q2NP1P/PP2B1Pb/3R1RK1 w - - 1 20,g1f2 b8g3,1125,77,94,502,master mate mateIn1 middlegame oneMove,https://lichess.org/U21EXYdv#39,
002Hv,8/8/8/3N2p1/5b2/3p3P/5kP1/3K4 w - - 16 56,d5f4 g5f4 h3h4 f2g2 h4h5 f4f3 d1d2 f3f2,1621,86,63,26,advancedPawn crushing endgame veryLong,https://lichess.org/rLJ8Hp1v#111,
